Workbook

Sheet HA integration codes
A1: 4133 | B1: status_9_errorCode | C1: uint16 | D1: 0
A2: 4167 | B2: status_9_controlFlags | C2: uint16 | D2: 50432
A3: 41a2 | B3: status_9_lastError_0 | C3: uint16 | D3: 0
A4: 41a3 | B4: status_9_extErrorCode | C4: uint16 | D4: 0
A5: 41a5 | B5: status_9_lastError_1 | C5: uint16 | D5: 0
A6: 41ab | B6: status_9_lastError_3 | C6: uint16 | D6: 0
A7: 41ac | B7: status_9_lastError_2 | C7: uint16 | D7: 0
A8: 41be | B8: status_9_lastError_4 | C8: uint16 | D8: 0
A9: 41d7 | B9: status_9_extPrevErrorCode | C9: uint16 | D9: 0
A10: 41e2 | B10: status_9_extError_status_2 | C10: uint16 | D10: 53080
A11: 41e5 | B11: status_9_extError_status_3 | C11: uint16 | D11: 10617
A12: 41eb | B12: status_9_extError_status_1 | C12: uint16 | D12: 23623
... A15: 41f7 | B15: status_9_extError_status_5 | C15: uint16 | D15: 8
A16: 4625 | B16: status_8_compressorLimit_max | C16: int16 | D16: unit.hertz | E16: 0.01 | F16: 0
A17: 4638 | B17: status_8_temperatureHysteresis_off | C17: int16 | D17: unit.degrees_celcius | E17: 0.01 | F17: 0
A18: 4641 | B18: status_8_temperatureSetpoint_Cooling | C18: int16 | D18: unit.degrees_celcius | E18: 0.01 | F18: 0
A19: 4645 | B19: status_8_fanLimit_max | C19: int16 | D19: unit.rounds_per_minute | E19: 0
A20: 4655 | B20: status_8_temperatureSetpoint_Heating | C20: int16 | D20: unit.degrees_celcius | E20: 0.01 | F20: 0
A21: 4656 | B21: status_8_temperatureHysteresis_on | C21: int16 | D21: unit.degrees_celcius | E21: 0.01 | F21: 0
A22: 468f | B22: status_8_fanLimit_min | C22: int16 | D22: unit.rounds_per_minute | E22: 0
A23: 46c0 | B23: status_8_temperatureSetpoint_DHW | C23: int16 | D23: unit.degrees_celcius | E23: 0.01 | F23: 0
A24: 46ce | B24: status_8_manualCompressorSpeed | C24: int16 | D24: unit.hertz | E24: 0.01 | F24: 0
A25: 46ef | B25: status_8_compressorLimit_min | C25: int16 | D25: unit.hertz | E25: 0.01 | F25: 0
A26: 46f6 | B26: status_8_powerOn | C26: uint8 | D26: 1
A27: 473d | B27: CPUinfo_checksum | C27: bytes | D27: P
A28: 47b0 | B28: CPUinfo_date_code | C28: bytes | D28: P240516*
A29: 47b1 | B29: CPUinfo_crc | C29: bytes | D29: o | E29: t
A30: 47da | B30: CPUinfo_software_name | C30: bytes | D30: hbcumk1 | E30: *
A31: 47e0 | B31: CPUinfo_software_version | C31: bytes | D31: V0.60-
A32: 5008 | B32: status_S_energyThermalCoolingPrevDay | C32: int16 | D32: unit.kWh | E32: 0.1 | F32: 0
A33: 5031 | B33: status_S_copDhwPrevDay | C33: uint8 | D33: 0.1 | E33: 0
A34: 503e | B34: status_S_currentHpPowerThermal | C34: int16 | D34: unit.kilowatt | E34: 0.001 | F34: 0
A35: 503f | B35: status_S_energyElectricCoolingPrevDay | C35: int16 | D35: unit.kWh | E35: 0.1 | F35: 0
A36: 5041 | B36: status_S_currentCop | C36: uint8 | D36: 0.1 | E36: 0
A37: 5051 | B37: status_S_copCoolingPrevDay | C37: uint8 | D37: 0.1 | E37: 0
A38: 506a | B38: status_S_energyThermalBoilerPrevDay | C38: int16 | D38: unit.kWh | E38: 0.1 | F38: 0
A39: 5077 | B39: status_S_currentPowerThermal | C39: int16 | D39: unit.kilowatt | E39: 0.001 | F39: 0
A40: 5088 | B40: status_S_currentBoilerPowerThermal | C40: int16 | D40: unit.kilowatt | E40: 0.001 | F40: 0
A41: 5092 | B41: status_S_currentDhwPowerThermal | C41: int16 | D41: unit.kilowatt | E41: 0.001 | F41: 0
A42: 5098 | B42: status_S_energyThermalDhwPrevDay | C42: int16 | D42: unit.kWh | E42: 0.1 | F42: 0
A43: 5099 | B43: status_S_energyElectricHeatingPrevDay | C43: int16 | D43: unit.kWh | E43: 0.1 | F43: 1
A44: 50ae | B44: status_S_energyThermalHeatingPrevDay | C44: int16 | D44: unit.kWh | E44: 0.1 | F44: 0
A45: 50f2 | B45: status_S_currentPowerElectric | C45: int16 | D45: unit.kilowatt | E45: 0.001 | F45: 7
A46: 50f7 | B46: status_S_copHeatingPrevDay | C46: uint8 | D46: 0.1 | E46: 0
A47: 50ff | B47: status_S_energyElectricDhwPrevDay | C47: int16 | D47: unit.kWh | E47: 0.1 | F47: 0
A48: 6206 | B48: status_4_tTempAux2 | C48: int16 | D48: unit.degrees_celcius | E48: 0.01 | F48: 32767
A49: 620f | B49: status_4_tTempAux1 | C49: int16 | D49: unit.degrees_celcius | E49: 0.01 | F49: 32767
A50: 621d | B50: status_4_tSystemSupply | C50: int16 | D50: unit.degrees_celcius | E50: 0.01 | F50: 2301
A51: 622b | B51: status_4_sPumpDhw | C51: int16 | D51: unit.percent | E51: 0.01 | F51: 0
A52: 623c | B52: status_4_tBoilerReturn | C52: int16 | D52: unit.degrees_celcius | E52: 0.01 | F52: 2315
A53: 6256 | B53: status_4_tDhwCold | C53: int16 | D53: unit.degrees_celcius | E53: 0.01 | F53: 32767
A54: 625b | B54: status_4_tBoilerSupply | C54: int16 | D54: unit.degrees_celcius | E54: 0.01 | F54: 2315
A55: 6269 | B55: status_4_tDhwHot | C55: int16 | D55: unit.degrees_celcius | E55: 0.01 | F55: 32767
A56: 6280 | B56: status_4_tHpReturn | C56: int16 | D56: unit.degrees_celcius | E56: 0.01 | F56: 2334
A57: 628d | B57: status_4_tDhwPreheat | C57: int16 | D57: unit.degrees_celcius | E57: 0.01 | F57: 32767
A58: 6290 | B58: status_4_fDhw | C58: int16 | D58: unit.liters_per_minute | E58: 0.01 | F58: 0
... A63: 62ed | B63: status_4_tTempSet | C63: int16 | D63: unit.degrees_celcius | E63: 0.01 | F63: 2000
A64: 631a | B64: statistics_6_operationBoilerHours | C64: uint24 | D64: unit.hours | E64: 0
A65: 6339 | B65: statistics_6_thermalEnergyDHW | C65: uint24 | D65: unit.kWh | E65: 1 | F65: 0
A66: 6358 | B66: statistics_6_electricEnergyDHW | C66: uint24 | D66: unit.kWh | E66: 1 | F66: 0
A67: 63a7 | B67: statistics_6_electricEnergyCooling | C67: uint24 | D67: unit.kWh | E67: 1 | F67: 0
A68: 63ae | B68: statistics_6_startBoilerCounter | C68: uint24 | D68: 0
A69: 63b3 | B69: statistics_6_electricEnergyHeating | C69: uint24 | D69: unit.kWh | E69: 1 | F69: 1
A70: 63df | B70: statistics_6_thermalEnergyBoiler | C70: uint24 | D70: unit.kWh | E70: 1 | F70: 0
A71: 63e4 | B71: statistics_6_thermalEnergyCooling | C71: uint24 | D71: unit.kWh | E71: 1 | F71: 0
A72: 63f0 | B72: statistics_6_thermalEnergyHeating | C72: uint24 | D72: unit.kWh | E72: 1 | F72: 11
A73: 6505 | B73: status_5_suctionTemperature | C73: int16 | D73: unit.degrees_celcius | E73: 0.01 | F73: 1800
A74: 651d | B74: status_5_faultCode | C74: uint16 | D74: 0
A75: 655c | B75: status_5_inletWaterTemperature | C75: int16 | D75: unit.degrees_celcius | E75: 0.01 | F75: 2334
A76: 656b | B76: status_5_flags | C76: uint16 | D76: 3
A77: 6573 | B77: status_5_ambientTemperature | C77: int16 | D77: unit.degrees_celcius | E77: 0.01 | F77: 1750
A78: 6578 | B78: status_5_workingMode | C78: uint8 | D78: 1
A79: 6579 | B79: status_5_suctionPressure | C79: int16 | D79: unit.bars | E79: 0.01 | F79: 1395
A80: 657a | B80: status_5_phaseCurrent | C80: int16 | D80: unit.ampere | E80: 0.001 | F80: 0
A81: 657e | B81: status_5_operationMode | C81: uint8 | D81: 254
A82: 658a | B82: status_5_frequencySetpoint | C82: int16 | D82: unit.hertz | E82: 0.01 | F82: 0
A83: 65a7 | B83: status_5_actualFrequency | C83: int16 | D83: unit.hertz | E83: 0.01 | F83: 0
A84: 65b0 | B84: status_5_exhaustPressure | C84: int16 | D84: unit.bars | E84: 0.01 | F84: 1395
A85: 65b9 | B85: status_5_digitalIn | C85: uint16 | D85: 0
A86: 65c1 | B86: status_5_coilTemperature | C86: int16 | D86: unit.degrees_celcius | E86: 0.01 | F86: 1800
A87: 65d0 | B87: status_5_digitalOut | C87: uint16 | D87: 0
A88: 65d2 | B88: status_5_outletWaterTemperature | C88: int16 | D88: unit.degrees_celcius | E88: 0.01 | F88: 2315
A89: 65d9 | B89: status_5_exhaustTemperature | C89: int16 | D89: unit.degrees_celcius | E89: 0.01 | F89: 1800
A90: 6a01 | B90: statistics_5_otStatsBoilerBurnerCHHours | C90: uint16 | D90: unit.hours | E90: 4921
A91: 6a28 | B91: statistics_5_startCoolingCounter | C91: uint24 | D91: 0
A92: 6a53 | B92: statistics_5_startDefrostCounter | C92: uint24 | D92: 0
A93: 6a6c | B93: statistics_5_operationDhwHours | C93: uint24 | D93: unit.hours | E93: 0
A94: 6a78 | B94: statistics_5_operationCoolingHours | C94: uint24 | D94: unit.hours | E94: 0
A95: 6a8d | B95: statistics_5_startDhwCounter | C95: uint24 | D95: 0
A96: 6a8e | B96: statistics_5_startHeatingCounter | C96: uint24 | D96: 6
A97: 6a9b | B97: statistics_5_otStatsBoilerBurnerDHWHours | C97: uint16 | D97: unit.hours | E97: 143
A98: 6abd | B98: statistics_5_otStatsBoilerBurnerStarts | C98: uint16 | D98: 34102
A99: 6ac5 | B99: statistics_5_operationHeatingHours | C99: uint24 | D99: unit.hours | E99: 2
A100: 6b07 | B100: status_7_fanLimit_min | C100: int16 | D100: unit.rounds_per_minute | E100: 0
A101: 6b3b | B101: status_7_manualCompressorSpeed | C101: int16 | D101: unit.hertz | E101: 0.01 | F101: 0
A102: 6b45 | B102: status_7_compressorLimit_max | C102: int16 | D102: unit.hertz | E102: 0.01 | F102: 0
A103: 6b5f | B103: status_7_powerOn | C103: uint8 | D103: 1
A104: 6b75 | B104: status_7_temperatureHysteresis_off | C104: int16 | D104: unit.degrees_celcius | E104: 0.01 | F104: 0
A105: 6b8f | B105: status_7_compressorLimit_min | C105: int16 | D105: unit.hertz | E105: 0.01 | F105: 0
A106: 6b95 | B106: status_7_temperatureSetpoint_DHW | C106: int16 | D106: unit.degrees_celcius | E106: 0.01 | F106: 0
...

Sheet XTEND screens
A1: codes requested by Xtend screen | C1: x means retrieved value is not shown on the XTEND screen | D1: #N/A means not available, not found
A3: XTEND HTTP-GET | B3: Example value | C3: Name shown on XTEND screen | D3: description from HA integration | E3: Domoticz plugin device name | F3: comments
A4: 2963 | B4: 0 | C4: x | D4: =VLOOKUP(A4,'HA integration codes'!$A$1:$B$282,2,FALSE) -> #N/A | E4: =VLOOKUP(A4,'PLUGIN devices'!$A$2:$B$54,2,FALSE) -> #N/A
A5: 4133 | B5: 0 | C5: x | D5: =VLOOKUP(A5,'HA integration codes'!$A$1:$B$282,2,FALSE) -> status_9_errorCode | E5: =VLOOKUP(A5,'PLUGIN devices'!$A$2:$B$54,2,FALSE) -> #N/A
A6: 47e0 | B6: V0.86- | C6: Firmware version | D6: =VLOOKUP(A6,'HA integration codes'!$A$1:$B$282,2,FALSE) -> CPUinfo_software_version | E6: =VLOOKUP(A6,'PLUGIN devices'!$A$2:$B$54,2,FALSE) -> Software version
A7: 4a22 | B7: 193 | C7: Heat Pump, Domestic hot water pump starts | D7: =VLOOKUP(A7,'HA integration codes'!$A$1:$B$282,2,FALSE) -> #N/A | E7: =VLOOKUP(A7,'PLUGIN devices'!$A$2:$B$54,2,FALSE) -> #N/A | F7: not DHW but HP pump starts ?
A8: 4a3c | B8: 253 | C8: Heat Pump, Crank heater starts | D8: =VLOOKUP(A8,'HA integration codes'!$A$1:$B$282,2,FALSE) -> #N/A | E8: =VLOOKUP(A8,'PLUGIN devices'!$A$2:$B$54,2,FALSE) -> #N/A
A9: 4a76 | B9: 0 | C9: x | D9: =VLOOKUP(A9,'HA integration codes'!$A$1:$B$282,2,FALSE) -> #N/A | E9: =VLOOKUP(A9,'PLUGIN devices'!$A$2:$B$54,2,FALSE) -> #N/A | F9: base pan heater starts or hours ?
A10: 4aeb | B10: 0 | C10: x | D10: =VLOOKUP(A10,'HA integration codes'!$A$1:$B$282,2,FALSE) -> #N/A | E10: =VLOOKUP(A10,'PLUGIN devices'!$A$2:$B$54,2,FALSE) -> #N/A | F10: base pan heater starts or hours ?
A11: 4e13 | B11: 251 | C11: Heat Pump, Domestic hot water pump hours | D11: =VLOOKUP(A11,'HA integration codes'!$A$1:$B$282,2,FALSE) -> #N/A | E11: =VLOOKUP(A11,'PLUGIN devices'!$A$2:$B$54,2,FALSE) -> #N/A | F11: not DHW but HP pump hours ?
A12: 4e3a | B12: 0 | C12: x | D12: =VLOOKUP(A12,'HA integration codes'!$A$1:$B$282,2,FALSE) -> #N/A | E12: =VLOOKUP(A12,'PLUGIN devices'!$A$2:$B$54,2,FALSE) -> #N/A | F12: base pan heater starts or hours ?
A13: 4eeb | B13: 24 | C13: Heat Pump, Crank heater hours | D13: =VLOOKUP(A13,'HA integration codes'!$A$1:$B$282,2,FALSE) -> #N/A | E13: =VLOOKUP(A13,'PLUGIN devices'!$A$2:$B$54,2,FALSE) -> #N/A
A14: 5008 | B14: 0 | C14: x | D14: =VLOOKUP(A14,'HA integration codes'!$A$1:$B$282,2,FALSE) -> status_S_energyThermalCoolingPrevDay | E14: =VLOOKUP(A14,'PLUGIN devices'!$A$2:$B$54,2,FALSE) -> #N/A
A15: 5031 | B15: 0 | C15: x | D15: =VLOOKUP(A15,'HA integration codes'!$A$1:$B$282,2,FALSE) -> status_S_copDhwPrevDay | E15: =VLOOKUP(A15,'PLUGIN devices'!$A$2:$B$54,2,FALSE) -> #N/A
A16: 503e | B16: 3414 | C16: Power, Heat pump | D16: =VLOOKUP(A16,'HA integration codes'!$A$1:$B$282,2,FALSE) -> status_S_currentHpPowerThermal | E16: =VLOOKUP(A16,'PLUGIN devices'!$A$2:$B$54,2,FALSE) -> HP energy generated
A17: 503f | B17: 0 | C17: x | D17: =VLOOKUP(A17,'HA integration codes'!$A$1:$B$282,2,FALSE) -> status_S_energyElectricCoolingPrevDay | E17: =VLOOKUP(A17,'PLUGIN devices'!$A$2:$B$54,2,FALSE) -> #N/A
A18: 5041 | B18: 43 | C18: Power, COP | D18: =VLOOKUP(A18,'HA integration codes'!$A$1:$B$282,2,FALSE) -> status_S_currentCop | E18: =VLOOKUP(A18,'PLUGIN devices'!$A$2:$B$54,2,FALSE) -> COP
A19: 5051 | B19: 0 | C19: x | D19: =VLOOKUP(A19,'HA integration codes'!$A$1:$B$282,2,FALSE) -> status_S_copCoolingPrevDay | E19: =VLOOKUP(A19,'PLUGIN devices'!$A$2:$B$54,2,FALSE) -> #N/A
A20: 506a | B20: 20 | C20: Energy, Boiler Generated, Previous Day | D20: =VLOOKUP(A20,'HA integration codes'!$A$1:$B$282,2,FALSE) -> status_S_energyThermalBoilerPrevDay | E20: =VLOOKUP(A20,'PLUGIN devices'!$A$2:$B$54,2,FALSE) -> #N/A
A21: 5077 | B21: 3414 | C21: Power, Total Thermal | D21: =VLOOKUP(A21,'HA integration codes'!$A$1:$B$282,2,FALSE) -> status_S_currentPowerThermal | E21: =VLOOKUP(A21,'PLUGIN devices'!$A$2:$B$54,2,FALSE) -> #N/A
A22: 5088 | B22: 0 | C22: Power, Boiler | D22: =VLOOKUP(A22,'HA integration codes'!$A$1:$B$282,2,FALSE) -> status_S_currentBoilerPowerThermal | E22: =VLOOKUP(A22,'PLUGIN devices'!$A$2:$B$54,2,FALSE) -> Bolier enery generated
A23: 5098 | B23: 0 | C23: x | D23: =VLOOKUP(A23,'HA integration codes'!$A$1:$B$282,2,FALSE) -> status_S_energyThermalDhwPrevDay | E23: =VLOOKUP(A23,'PLUGIN devices'!$A$2:$B$54,2,FALSE) -> #N/A
A24: 5099 | B24: 118 | C24: Energy, Heat Pump Used, Previous Day | D24: =VLOOKUP(A24,'HA integration codes'!$A$1:$B$282,2,FALSE) -> status_S_energyElectricHeatingPrevDay | E24: =VLOOKUP(A24,'PLUGIN devices'!$A$2:$B$54,2,FALSE) -> #N/A
... A56: 65c1 | B56: 600 | C56: Heat Pump, Refrigeration, Evaporator Temperature | D56: =VLOOKUP(A56,'HA integration codes'!$A$1:$B$282,2,FALSE) -> status_5_coilTemperature | E56: =VLOOKUP(A56,'PLUGIN devices'!$A$2:$B$54,2,FALSE) -> Coil temp
A57: 65d0 | B57: 11 | C57: Heat Pump, 4-way Valve Position | D57: =VLOOKUP(A57,'HA integration codes'!$A$1:$B$282,2,FALSE) -> status_5_digitalOut | E57: =VLOOKUP(A57,'PLUGIN devices'!$A$2:$B$54,2,FALSE) -> #N/A | F57: bit 3 of 16 indicates 4-way valve (ref HA integration)
A58: 65d9 | B58: 8700 | C58: Heat Pump, Refrigeration, Exhaust gas temperature | D58: =VLOOKUP(A58,'HA integration codes'!$A$1:$B$282,2,FALSE) -> status_5_exhaustTemperature | E58: =VLOOKUP(A58,'PLUGIN devices'!$A$2:$B$54,2,FALSE) -> Exhaust gas temp
A59: 6a28 | B59: 0 | C59: x | D59: =VLOOKUP(A59,'HA integration codes'!$A$1:$B$282,2,FALSE) -> statistics_5_startCoolingCounter | E59: =VLOOKUP(A59,'PLUGIN devices'!$A$2:$B$54,2,FALSE) -> #N/A
A60: 6a53 | B60: 3 | C60: Heat Pump, Defrost Cycles | D60: =VLOOKUP(A60,'HA integration codes'!$A$1:$B$282,2,FALSE) -> statistics_5_startDefrostCounter | E60: =VLOOKUP(A60,'PLUGIN devices'!$A$2:$B$54,2,FALSE) -> HP defrost cycles
A61: 6a6c | B61: 0 | C61: x | D61: =VLOOKUP(A61,'HA integration codes'!$A$1:$B$282,2,FALSE) -> statistics_5_operationDhwHours | E61: =VLOOKUP(A61,'PLUGIN devices'!$A$2:$B$54,2,FALSE) -> #N/A
A62: 6a78 | B62: 0 | C62: x | D62: =VLOOKUP(A62,'HA integration codes'!$A$1:$B$282,2,FALSE) -> statistics_5_operationCoolingHours | E62: =VLOOKUP(A62,'PLUGIN devices'!$A$2:$B$54,2,FALSE) -> #N/A
A63: 6a8d | B63: 0 | C63: x | D63: =VLOOKUP(A63,'HA integration codes'!$A$1:$B$282,2,FALSE) -> statistics_5_startDhwCounter | E63: =VLOOKUP(A63,'PLUGIN devices'!$A$2:$B$54,2,FALSE) -> Boiler DHW starts
A64: 6a8e | B64: 122 | C64: Heat Pump, Compressor Starts | D64: =VLOOKUP(A64,'HA integration codes'!$A$1:$B$282,2,FALSE) -> statistics_5_startHeatingCounter | E64: =VLOOKUP(A64,'PLUGIN devices'!$A$2:$B$54,2,FALSE) -> HP Compressor starts
A65: 6ac5 | B65: 177 | C65: Heat Pump, Runtime | D65: =VLOOKUP(A65,'HA integration codes'!$A$1:$B$282,2,FALSE) -> statistics_5_operationHeatingHours | E65: =VLOOKUP(A65,'PLUGIN devices'!$A$2:$B$54,2,FALSE) -> HP runtime
A66: 6c26 | B66: 6650 | C66: Heat Pump, Refrigeration, T condensor gas | D66: =VLOOKUP(A66,'HA integration codes'!$A$1:$B$282,2,FALSE) -> status_6_temperatureCondensor_refrigrerant_gas | E66: =VLOOKUP(A66,'PLUGIN devices'!$A$2:$B$54,2,FALSE) -> Condensor gas temp
A67: 6c33 | B67: 4434 | C67: Heat Pump, Refrigeration, Discharge overheat | D67: =VLOOKUP(A67,'HA integration codes'!$A$1:$B$282,2,FALSE) -> status_6_exhaustOverheat | E67: =VLOOKUP(A67,'PLUGIN devices'!$A$2:$B$54,2,FALSE) -> Discharge overheat temp
A68: 6c53 | B68: 202 | C68: Heat Pump, Refrigeration, subcooling | D68: =VLOOKUP(A68,'HA integration codes'!$A$1:$B$282,2,FALSE) -> status_6_temperatureSubcooling | E68: =VLOOKUP(A68,'PLUGIN devices'!$A$2:$B$54,2,FALSE) -> Subcooling temp
A69: 6c61 | B69: 410 | C69: x | D69: =VLOOKUP(A69,'HA integration codes'!$A$1:$B$282,2,FALSE) -> status_6_fanspeedSetpoint | E69: =VLOOKUP(A69,'PLUGIN devices'!$A$2:$B$54,2,FALSE) -> #N/A
... A77: 7774 | B77: 255 | C77: x | D77: =VLOOKUP(A77,'HA integration codes'!$A$1:$B$282,2,FALSE) -> #N/A | E77: =VLOOKUP(A77,'PLUGIN devices'!$A$2:$B$54,2,FALSE) -> #N/A
A78: 77c3 | B78: 131 | C78: Status, Silent Mode | D78: =VLOOKUP(A78,'HA integration codes'!$A$1:$B$282,2,FALSE) -> status_3_Flags | E78: =VLOOKUP(A78,'PLUGIN devices'!$A$2:$B$54,2,FALSE) -> #N/A | F78: bit 4 of 8 indicates silent mode (ref HA integration)
A79: 77d2 | B79: 18158 | C79: Operating Mode ? | D79: =VLOOKUP(A79,'HA integration codes'!$A$1:$B$282,2,FALSE) -> status_3_SystemIo | E79: =VLOOKUP(A79,'PLUGIN devices'!$A$2:$B$54,2,FALSE) -> #N/A
A80: 77de | B80: 255 | C80: x | D80: =VLOOKUP(A80,'HA integration codes'!$A$1:$B$282,2,FALSE) -> #N/A | E80: =VLOOKUP(A80,'PLUGIN devices'!$A$2:$B$54,2,FALSE) -> #N/A
A81: 7921 | B81: 2000 | C81: Temperatures, Target/Setpoint | D81: =VLOOKUP(A81,'HA integration codes'!$A$1:$B$282,2,FALSE) -> status_1_roomtemperature_set_1 | E81: =VLOOKUP(A81,'PLUGIN devices'!$A$2:$B$54,2,FALSE) -> Target room temp
A82: 7940 | B82: 255 | C82: Heat Pump, Notification Code | D82: =VLOOKUP(A82,'HA integration codes'!$A$1:$B$282,2,FALSE) -> status_1_notification_code | E82: =VLOOKUP(A82,'PLUGIN devices'!$A$2:$B$54,2,FALSE) -> #N/A
A83: 79b3 | B83: 2001 | C83: Temperatures, Room | D83: =VLOOKUP(A83,'HA integration codes'!$A$1:$B$282,2,FALSE) -> status_1_roomtemperature_1 | E83: =VLOOKUP(A83,'PLUGIN devices'!$A$2:$B$54,2,FALSE) -> Room temp
A84: 7e2c | B84: 255 | C84: Heat Pump, Lockout Code | D84: =VLOOKUP(A84,'HA integration codes'!$A$1:$B$282,2,FALSE) -> status_0_lockout_code | E84: =VLOOKUP(A84,'PLUGIN devices'!$A$2:$B$54,2,FALSE) -> #N/A
A85: 7e31 | B85: 32767 | C85: Boiler, CH Water, Setpoint | D85: =VLOOKUP(A85,'HA integration codes'!$A$1:$B$282,2,FALSE) -> status_0_temp_set | E85: =VLOOKUP(A85,'PLUGIN devices'!$A$2:$B$54,2,FALSE) -> Boiler CH setpoint temp
A86: 7e51 | B86: 102 | C86: Heat Pump, Device Status | D86: =VLOOKUP(A86,'HA integration codes'!$A$1:$B$282,2,FALSE) -> status_0_heatdemand_status | E86: =VLOOKUP(A86,'PLUGIN devices'!$A$2:$B$54,2,FALSE) -> Device Status
A87: 7e7a | B87: 64 | C87: Heat Demand, Boiler | D87: =VLOOKUP(A87,'HA integration codes'!$A$1:$B$282,2,FALSE) -> status_0_burner_status | E87: =VLOOKUP(A87,'PLUGIN devices'!$A$2:$B$54,2,FALSE) -> #N/A
A88: 7e81 | B88: 32767 | C88: Boiler, CH Water, Return | D88: =VLOOKUP(A88,'HA integration codes'!$A$1:$B$282,2,FALSE) -> status_0_temp_return | E88: =VLOOKUP(A88,'PLUGIN devices'!$A$2:$B$54,2,FALSE) -> Boiler CH return temp
A89: 7ed3 | B89: 200 | C89: Heat Pump/Boiler, CH water, Pressure | D89: =VLOOKUP(A89,'HA integration codes'!$A$1:$B$282,2,FALSE) -> status_0_water_pressure | E89: =VLOOKUP(A89,'PLUGIN devices'!$A$2:$B$54,2,FALSE) -> CH water pressure
A90: 7ee6 | B90: 4100 | C90: Boiler, CH Water, Supply | D90: =VLOOKUP(A90,'HA integration codes'!$A$1:$B$282,2,FALSE) -> status_0_temp_supply | E90: =VLOOKUP(A90,'PLUGIN devices'!$A$2:$B$54,2,FALSE) -> Boiler temp
... A99: f9f2 | B99: 152 | C99: Boiler, Heat Demand | D99: =VLOOKUP(A99,'HA integration codes'!$A$1:$B$282,2,FALSE) -> bivalent_service_flags | E99: =VLOOKUP(A99,'PLUGIN devices'!$A$2:$B$54,2,FALSE) -> Heat demand Boiler

Sheet PLUGIN devices
A1: plugin code | B1: plugin text | C1: used on Xtend screens | D1: comment
A2: 47e0 | B2: Software version | C2: =VLOOKUP(A2,'XTEND screens'!$A$4:$C$106,3,FALSE) -> Firmware version
A3: 5041 | B3: COP | C3: =VLOOKUP(A3,'XTEND screens'!$A$4:$C$106,3,FALSE) -> Power, COP
A4: 503e | B4: HP energy generated | C4: =VLOOKUP(A4,'XTEND screens'!$A$4:$C$106,3,FALSE) -> Power, Heat pump | D4: was 5077 before, should be 503e for HP,5088 for Boiler, 5077 for total
A5: 5088 | B5: Bolier enery generated | C5: =VLOOKUP(A5,'XTEND screens'!$A$4:$C$106,3,FALSE) -> Power, Boiler
A6: 50f2 | B6: HP energy usage | C6: =VLOOKUP(A6,'XTEND screens'!$A$4:$C$106,3,FALSE) -> Power, Retrieved
A7: 7e81 | B7: Boiler CH return temp | C7: =VLOOKUP(A7,'XTEND screens'!$A$4:$C$106,3,FALSE) -> Boiler, CH Water, Return | D7: was 623c, 7e81 used on Xtend screen instead (but 32767 value)
A8: 625b | B8: Boiler CH supply temp | C8: =VLOOKUP(A8,'XTEND screens'!$A$4:$C$106,3,FALSE) -> #N/A | D8: 7ee6 used on Xtend screen, but already used for Boiler temp in plugin
A9: 6280 | B9: HP return temp | C9: =VLOOKUP(A9,'XTEND screens'!$A$4:$C$106,3,FALSE) -> Heat Pump, CH water, Return
A10: 629c | B10: HP CH flow | C10: =VLOOKUP(A10,'XTEND screens'!$A$4:$C$106,3,FALSE) -> Heat Pump, CH water, Flow
A11: 62cb | B11: Pump level | C11: =VLOOKUP(A11,'XTEND screens'!$A$4:$C$106,3,FALSE) -> #N/A | D11: not queried or used on Xtend screen
A12: 62e7 | B12: HP supply temp | C12: =VLOOKUP(A12,'XTEND screens'!$A$4:$C$106,3,FALSE) -> Heat Pump, CH water, Supply
A13: 62ed | B13: HP setpoint temp | C13: =VLOOKUP(A13,'XTEND screens'!$A$4:$C$106,3,FALSE) -> CH water, Setpoint
A14: 6505 | B14: Suction line gas temp | C14: =VLOOKUP(A14,'XTEND screens'!$A$4:$C$106,3,FALSE) -> Heat Pump, Refrigeration, Suction line gas temperature
A15: 62d1 | B15: Outside temp | C15: =VLOOKUP(A15,'XTEND screens'!$A$4:$C$106,3,FALSE) -> Temperatures, Outside | D15: was 6573 before, 62d1 used on Xtend screen instead
A16: 6578 | B16: Operating Mode | C16: =VLOOKUP(A16,'XTEND screens'!$A$4:$C$106,3,FALSE) -> Status, Operating Mode | D16: used for Operational Mode on Xtend screen ?
A17: 6579 | B17: HP suction pressure | C17: =VLOOKUP(A17,'XTEND screens'!$A$4:$C$106,3,FALSE) -> Heat Pump, Refrigeration, Suction gas pressure
A18: 657e | B18: Operation mode | C18: =VLOOKUP(A18,'XTEND screens'!$A$4:$C$106,3,FALSE) -> #N/A | D18: not queried or used on Xtend screen
A19: 65a7 | B19: Compressor frequency | C19: =VLOOKUP(A19,'XTEND screens'!$A$4:$C$106,3,FALSE) -> Heat Pump, Compressor Frequency
A20: 65b0 | B20: HP discharge gas pressure | C20: =VLOOKUP(A20,'XTEND screens'!$A$4:$C$106,3,FALSE) -> Heat Pump, Refrigeration, Discharge gas pressure
A21: 65c1 | B21: Coil temp | C21: =VLOOKUP(A21,'XTEND screens'!$A$4:$C$106,3,FALSE) -> Heat Pump, Refrigeration, Evaporator Temperature
A22: 65d9 | B22: Exhaust gas temp | C22: =VLOOKUP(A22,'XTEND screens'!$A$4:$C$106,3,FALSE) -> Heat Pump, Refrigeration, Exhaust gas temperature
A23: 6a53 | B23: HP defrost cycles | C23: =VLOOKUP(A23,'XTEND screens'!$A$4:$C$106,3,FALSE) -> Heat Pump, Defrost Cycles
A24: 6a8d | B24: Boiler DHW starts | C24: =VLOOKUP(A24,'XTEND screens'!$A$4:$C$106,3,FALSE) -> x | D24: queried but not shown on Xtend screen, disabled in my Domoticz
A25: 6a8e | B25: HP Compressor starts | C25: =VLOOKUP(A25,'XTEND screens'!$A$4:$C$106,3,FALSE) -> Heat Pump, Compressor Starts
A26: 6ac5 | B26: HP runtime | C26: =VLOOKUP(A26,'XTEND screens'!$A$4:$C$106,3,FALSE) -> Heat Pump, Runtime
A27: 6c26 | B27: Condensor gas temp | C27: =VLOOKUP(A27,'XTEND screens'!$A$4:$C$106,3,FALSE) -> Heat Pump, Refrigeration, T condensor gas
A28: 6c33 | B28: Discharge overheat temp | C28: =VLOOKUP(A28,'XTEND screens'!$A$4:$C$106,3,FALSE) -> Heat Pump, Refrigeration, Discharge overheat
A29: 6c53 | B29: Subcooling temp | C29: =VLOOKUP(A29,'XTEND screens'!$A$4:$C$106,3,FALSE) -> Heat Pump, Refrigeration, subcooling
A30: 6c8a | B30: Fan speed | C30: =VLOOKUP(A30,'XTEND screens'!$A$4:$C$106,3,FALSE) -> Heat pump, Fan Speed
A31: 6ceb | B31: Condensor liquid temp | C31: =VLOOKUP(A31,'XTEND screens'!$A$4:$C$106,3,FALSE) -> Heat Pump, Refrigeration, T condensor liquid
A32: 6cfb | B32: Suction line overheat temp | C32: =VLOOKUP(A32,'XTEND screens'!$A$4:$C$106,3,FALSE) -> Heat Pump, Refrigeration, Suction line overheat
A33: 712c | B33: Boiler ignition fail count | C33: =VLOOKUP(A33,'XTEND screens'!$A$4:$C$106,3,FALSE) -> #N/A | D33: not queried or used on Xtend screen
A34: 7160 | B34: HP power cycles | C34: =VLOOKUP(A34,'XTEND screens'!$A$4:$C$106,3,FALSE) -> Heat Pump, Power Cycles
A35: 71a7 | B35: HP poweron | C35: =VLOOKUP(A35,'XTEND screens'!$A$4:$C$106,3,FALSE) -> Heat Pump, Hours on Power
A36: 777d | B36: Heat demand HP | C36: =VLOOKUP(A36,'XTEND screens'!$A$4:$C$106,3,FALSE) -> #N/A | D36: not queried or used on Xtend screen, used instead of f9f2 bit 8
A37: 77dd | B37: System status | C37: =VLOOKUP(A37,'XTEND screens'!$A$4:$C$106,3,FALSE) -> #N/A | D37: not queried or used on Xtend screen
A38: 7921 | B38: Target room temp | C38: =VLOOKUP(A38,'XTEND screens'!$A$4:$C$106,3,FALSE) -> Temperatures, Target/Setpoint
A39: 79b3 | B39: Room temp | C39: =VLOOKUP(A39,'XTEND screens'!$A$4:$C$106,3,FALSE) -> Temperatures, Room
A40: 7e51 | B40: Device Status | C40: =VLOOKUP(A40,'XTEND screens'!$A$4:$C$106,3,FALSE) -> Heat Pump, Device Status | D40: renamed
A41: 7ee6 | B41: Boiler temp | C41: =VLOOKUP(A41,'XTEND screens'!$A$4:$C$106,3,FALSE) -> Boiler, CH Water, Supply
A42: 843a | B42: Boiler status | C42: =VLOOKUP(A42,'XTEND screens'!$A$4:$C$106,3,FALSE) -> #N/A | D42: not queried or used on Xtend screen
A43: 7ed3 | B43: CH water pressure | C43: =VLOOKUP(A43,'XTEND screens'!$A$4:$C$106,3,FALSE) -> Heat Pump/Boiler, CH water, Pressure | D43: was 844c before, 7ed3 used on Xtend screen instead
A44: 848e | B44: Boiler modulation target | C44: =VLOOKUP(A44,'XTEND screens'!$A$4:$C$106,3,FALSE) -> #N/A | D44: not queried or used on Xtend screen
A45: 84d1 | B45: Boiler modulation level | C45: =VLOOKUP(A45,'XTEND screens'!$A$4:$C$106,3,FALSE) -> Boiler, Modulation Level
A46: 8e00 | B46: Boiler starts | C46: =VLOOKUP(A46,'XTEND screens'!$A$4:$C$106,3,FALSE) -> Boiler, Boiler Starts
A47: 8e18 | B47: Boiler flame loss count | C47: =VLOOKUP(A47,'XTEND screens'!$A$4:$C$106,3,FALSE) -> Boiler, Flame loss
A48: 8e37 | B48: Boiler DHW runtime | C48: =VLOOKUP(A48,'XTEND screens'!$A$4:$C$106,3,FALSE) -> Boiler, Domestic Hot Water runtime | D48: disabled in Domoticz
A49: 8e7f | B49: Boiler DHW flow | C49: =VLOOKUP(A49,'XTEND screens'!$A$4:$C$106,3,FALSE) -> #N/A | D49: not queried or used on Xtend screen, disabled in Domoticz
A50: 7e31 | B50: Boiler CH setpoint temp | C50: =VLOOKUP(A50,'XTEND screens'!$A$4:$C$106,3,FALSE) -> Boiler, CH Water, Setpoint | D50: was 8e8f, 7e31 used on Xtend screen instead, disabled in Domoticz because 32767
A51: 8ecb | B51: Boiler DHW max temp | C51: =VLOOKUP(A51,'XTEND screens'!$A$4:$C$106,3,FALSE) -> #N/A | D51: not queried or used on Xtend screen, disabled in Domoticz
A52: 8edb | B52: Boiler DHW actual temp | C52: =VLOOKUP(A52,'XTEND screens'!$A$4:$C$106,3,FALSE) -> #N/A | D52: not queried or used on Xtend screen, disabled in Domoticz
A53: 8ef9 | B53: Boiler CH runtime | C53: =VLOOKUP(A53,'XTEND screens'!$A$4:$C$106,3,FALSE) -> Boiler, Runtime CH
A54: f9f2 | B54: Heat demand Boiler | C54: =VLOOKUP(A54,'XTEND screens'!$A$4:$C$106,3,FALSE) -> Boiler, Heat Demand | D54: to be split further
